{
    "providers": [
        {"type": "bitmap", "file": "minecraft:default/pixel.png","ascent": -2000,"height": -3,"chars": ["₴"]},
        
        {"type": "bitmap", "file": "minecraft:menu/template.png","ascent": 21,"height": 140,"chars": ["☀"]},

        {"type": "bitmap", "file": "minecraft:menu/tribes-roles.png","ascent": 21,"height": 140,"chars": ["塿"]},
        {"type": "bitmap", "file": "minecraft:menu/tribes-tribes.png","ascent": 21,"height": 140,"chars": ["輋"]},
        {"type": "bitmap", "file": "minecraft:menu/tribes-tribes-tribe.png","ascent": 21,"height": 140,"chars": ["号"]},
        {"type": "bitmap", "file": "minecraft:menu/tribes-forge.png","ascent": 21,"height": 140,"chars": ["鿁"]},
        {"type": "bitmap", "file": "minecraft:menu/tribes-forge-category.png","ascent": 21,"height": 140,"chars": ["晊"]}
    ]
}